Imagen,Area,N4,N8,Contorno_Perimetro,m00,centroid,eta_00,eta_10,eta_01,eta_11,eta_02,eta_20,eta_21,eta_12,eta_03,eta_30,h1,h2,h3,h4,h5,h6,h7,translated_m00,translated_centroid,translated_eta_00,translated_eta_10,translated_eta_01,translated_eta_11,translated_eta_02,translated_eta_20,translated_eta_21,translated_eta_12,translated_eta_03,translated_eta_30,rotated_h1,rotated_h2,rotated_h3,rotated_h4,rotated_h5,rotated_h6,rotated_h7
hammer-4.gif,7790,1,1,611,7790,"(np.float64(71.27124518613607), np.float64(104.61694480102696))",1.0,1.5873592715167226e-17,-8.465916114755853e-17,0.006728556502204527,0.5227470616403022,0.046860872270029455,-0.02386976696445497,-0.006470562720824887,0.2367010899701273,0.0027766953657118562,0.5696079339103316,0.2266487591237725,0.09554762147799324,0.04531081670838199,0.0029807654144888614,0.021528646118612545,5.8971731758080374e-05,7790,"(np.float64(171.27124518613607), np.float64(114.61694480102696))",1.0,1.5873592715167226e-17,-4.2329580573779265e-17,0.006728556502204527,0.5227470616403022,0.04686087227002946,-0.023869766964454957,-0.006470562720824887,0.2367010899701273,0.002776695365711855,0.5701531415582327,0.2275663473406666,0.09503786073791314,0.04508196447423913,0.002950438451327612,0.02145413269372684,5.1447558602722926e-05
